{
  "epoch": 304,
  "loss": 0.20907272398471832,
  "auc": 0.9683959233619697,
  "best_threshold": 0.5499999999999999,
  "precision": 0.8507078507078507,
  "recall": 0.7271727172717272,
  "f1": 0.7841043890865955,
  "precision_argmax": 0.8037825059101655,
  "recall_argmax": 0.7480748074807481,
  "f1_argmax": 0.7749287749287749
}